label_budget,mode,split,nll_mean,nll_std,accuracy_mean,balanced_accuracy_mean,macro_f1_mean,seed_count
512,logistic,heldout,0.5653386053265651,0.01963426834232545,0.8511284722222222,0.3797868797868798,0.3895828107966166,3
512,logistic,test,0.6029191949222037,0.008514276661884979,0.80078125,0.37233581114418474,0.3741496135189812,3
512,logistic,val,0.6382987454688629,0.02137252584358746,0.7912326388888888,0.379673141186299,0.38460691180888795,3
512,pretrained,heldout,0.5353877252674081,0.01648644078779441,0.8572048611111112,0.3421809671809672,0.3251567459528898,3
512,pretrained,test,0.6041330463994845,0.004496433434355229,0.806423611111111,0.33394329771141357,0.300753832175417,3
512,pretrained,val,0.6274977709585112,0.009579726335782334,0.7877604166666666,0.3353870788081314,0.30143629297457575,3
512,prior,heldout,0.5336000639708199,0.0037592733764456763,0.859375,0.3333333333333333,0.3081232492997199,3
512,prior,test,0.6296890488507838,0.0014716780280314336,0.80859375,0.3333333333333333,0.2980561555075594,3
512,prior,val,0.6605533575788912,0.0011882378189100224,0.7916666666666666,0.3333333333333333,0.2945736434108527,3
512,scratch,heldout,0.5322156808161355,0.007605229831538627,0.8589409722222222,0.33316498316498316,0.30811146337918055,3
512,scratch,test,0.5961177511458803,0.004733504986695849,0.8090277777777778,0.3347050754458161,0.30083776189589656,3
512,scratch,val,0.6331600610360105,0.003615063278470099,0.7916666666666666,0.3333333333333333,0.2946450552031947,3
2048,logistic,heldout,0.5552311540540255,0.007935540018295861,0.8524305555555555,0.3592500092500092,0.35982613859358253,3
2048,logistic,test,0.5728615359218648,0.0023147806397355117,0.8133680555555555,0.37601999598778973,0.38036291640022335,3
2048,logistic,val,0.6071592077149423,0.0021602047320626646,0.7964409722222222,0.3707706766917293,0.3687504359176536,3
2048,pretrained,heldout,0.5251588421880448,0.006484748037768816,0.8585069444444445,0.3369334369334369,0.3155943529100212,3
2048,pretrained,test,0.5964987585579777,0.003316271504503898,0.8077256944444445,0.3329754875648595,0.2978789815055603,3
2048,pretrained,val,0.6255753516478103,0.005719670727587988,0.7916666666666666,0.33461257309941517,0.29743927879659227,3
2048,prior,heldout,0.5383014986086591,0.003786711794277591,0.859375,0.3333333333333333,0.3081232492997199,3
2048,prior,test,0.6310481868057192,0.0018443559102332176,0.80859375,0.3333333333333333,0.2980561555075594,3
2048,prior,val,0.6612114274968869,0.0012572134427798675,0.7916666666666666,0.3333333333333333,0.2945736434108527,3
2048,scratch,heldout,0.5236013887700097,0.012454819122062404,0.8563368055555555,0.3360916860916861,0.31456379828389186,3
2048,scratch,test,0.5960960029847134,0.0019931156472693143,0.8077256944444445,0.3329754875648595,0.298022194325537,3
2048,scratch,val,0.6246337300062618,0.003950098983138759,0.7912326388888888,0.3331505847953216,0.2945548371566448,3
