variant,split,mean,std,count
frequency_full,heldout,4.906747687842686,,1
frequency_full,test,5.165412923829248,,1
frequency_full,val,5.141319893607663,,1
joint,heldout,4.529237930271361,0.027493411287084855,3
joint,test,4.858065650648541,0.019836122647643648,3
joint,val,4.827766968859566,0.01825930329845868,3
markov_full,heldout,4.439364110897796,,1
markov_full,test,4.735174915373335,,1
markov_full,val,4.727839960264009,,1
markov_matched,heldout,4.677715479594464,0.006461819825371469,3
markov_matched,test,5.023003324080623,0.0024090204689950993,3
markov_matched,val,4.997105785180143,0.015846438453751704,3
seq_ptv,heldout,4.291992105603218,0.025113076731244414,3
seq_ptv,test,4.678129720701111,0.01317644004299686,3
seq_ptv,val,4.654084518300162,0.019969505726272246,3
seq_tpv,heldout,4.27825290687879,0.0029182893647911067,3
seq_tpv,test,4.677042635944154,0.0014326608112531153,3
seq_tpv,val,4.649854376475016,0.007000257625319239,3
