supervision,variant,split,mean,seed_std,seeds
sparse,joint,val,4.827766968859566,0.018259303298459005,3
sparse,joint,test,4.858065650648541,0.019836122647643648,3
sparse,joint,heldout,4.529237930271361,0.027493411287084855,3
sparse,seq_tpv,val,4.649854376475016,0.007000257625318984,3
sparse,seq_tpv,test,4.677042635944154,0.0014326608112533133,3
sparse,seq_tpv,heldout,4.278252906878789,0.0029182893647909346,3
dense,joint,val,4.609560088204013,0.00042232044562801936,3
dense,joint,test,4.6214391350878605,0.0004978271744161404,3
dense,joint,heldout,4.261950075295236,0.0035757060551368145,3
dense,seq_tpv,val,4.569587669743432,0.0003650866062247848,3
dense,seq_tpv,test,4.5782408402231,0.0021722967158738903,3
dense,seq_tpv,heldout,4.1882602692047755,0.0034200394202287946,3
